Store,Order ID,Item,Quantity,Sales incl Tax,Sales excl Tax,Month,Year,Day,Product_Type,Sales excl Tax EUR,StoreID,Country,Real Order ID,Status
IRIS GALERIE - NUREMBERG,4E61B1DA-7FFD-4116-9B17-6BCA3A6BA98B,P 40x40 Trio,1,159,131.4,7,2023,29,Print,131.4,IG-S055,ALLEMAGNE,4E61B1DA-7FFD-4116-9B17-6BCA3A6BA98B,SUCCURSALE
IRIS GALERIE - NUREMBERG,1696DB13-BC3B-46B5-86CE-F5FE42A9AE62,Digital File Solo,2,158,130.58,7,2023,29,Digital,130.58,IG-S055,ALLEMAGNE,1696DB13-BC3B-46B5-86CE-F5FE42A9AE62,SUCCURSALE
IRIS GALERIE - NUREMBERG,1696DB13-BC3B-46B5-86CE-F5FE42A9AE62,P 20x20 Duo,1,79,65.29,7,2023,29,Print,65.29,IG-S055,ALLEMAGNE,1696DB13-BC3B-46B5-86CE-F5FE42A9AE62,SUCCURSALE
IRIS GALERIE - NUREMBERG,B958FF52-771D-4D1C-84F4-B940048CD502,F 30x30,2,36,29.76,7,2023,29,Frames,29.76,IG-S055,ALLEMAGNE,B958FF52-771D-4D1C-84F4-B940048CD502,SUCCURSALE
IRIS GALERIE - NUREMBERG,B958FF52-771D-4D1C-84F4-B940048CD502,P 30x30 Solo,2,158,130.58,7,2023,29,Print,130.58,IG-S055,ALLEMAGNE,B958FF52-771D-4D1C-84F4-B940048CD502,SUCCURSALE
IRIS GALERIE - NUREMBERG,701D0344-3292-4476-B954-2B27FE96EDD1,P 20x20 Solo,1,49,40.5,7,2023,29,Print,40.5,IG-S055,ALLEMAGNE,701D0344-3292-4476-B954-2B27FE96EDD1,SUCCURSALE
IRIS GALERIE - NUREMBERG,43F27D97-A7FB-41DB-B654-6284E0FABCB8,AD 30x120,1,719,594.21,7,2023,29,AD,594.21,IG-S055,ALLEMAGNE,43F27D97-A7FB-41DB-B654-6284E0FABCB8,SUCCURSALE
IRIS GALERIE - NUREMBERG,43F27D97-A7FB-41DB-B654-6284E0FABCB8,Shipping,1,10,8.26,7,2023,29,Shipping,8.26,IG-S055,ALLEMAGNE,43F27D97-A7FB-41DB-B654-6284E0FABCB8,SUCCURSALE
IRIS GALERIE - NUREMBERG,3596E7B9-168E-48F6-9B42-337532209116,F 20x20,1,16,13.22,7,2023,29,Frames,13.22,IG-S055,ALLEMAGNE,3596E7B9-168E-48F6-9B42-337532209116,SUCCURSALE
IRIS GALERIE - NUREMBERG,3596E7B9-168E-48F6-9B42-337532209116,P 20x20 Duo,1,79,65.29,7,2023,29,Print,65.29,IG-S055,ALLEMAGNE,3596E7B9-168E-48F6-9B42-337532209116,SUCCURSALE
IRIS GALERIE - NUREMBERG,1B8535C8-C324-47BD-9A6F-73CD4382F082,F 20x20,1,16,13.22,7,2023,29,Frames,13.22,IG-S055,ALLEMAGNE,1B8535C8-C324-47BD-9A6F-73CD4382F082,SUCCURSALE
IRIS GALERIE - NUREMBERG,1B8535C8-C324-47BD-9A6F-73CD4382F082,P 20x20 Duo,1,79,65.29,7,2023,29,Print,65.29,IG-S055,ALLEMAGNE,1B8535C8-C324-47BD-9A6F-73CD4382F082,SUCCURSALE
IRIS GALERIE - PARIS PASSAGE DU HAVRE,D1C6004E-BBE2-4F8D-82DE-7C5B2612DA7A,AD 40x40 Duo,1,209,174.17,6,2023,17,AD,174.17,IG-S059,FRANCE,D1C6004E-BBE2-4F8D-82DE-7C5B2612DA7A,SUCCURSALE
IRIS GALERIE - PARIS PASSAGE DU HAVRE,13E741CC-C602-426D-A940-7DA2756168E8,P 30x30 Duo,1,99,82.5,6,2023,17,Print,82.5,IG-S059,FRANCE,13E741CC-C602-426D-A940-7DA2756168E8,SUCCURSALE
IRIS GALERIE - PARIS PASSAGE DU HAVRE,A9B5AADE-880C-48DA-BE4D-EEAA91169DD4,P 30x30 Duo,1,99,82.5,6,2023,17,Print,82.5,IG-S059,FRANCE,A9B5AADE-880C-48DA-BE4D-EEAA91169DD4,SUCCURSALE
IRIS GALERIE - PARIS PASSAGE DU HAVRE,DE1164AB-D658-4DA3-941A-05099A9A781F,F 30x30,1,14,11.67,6,2023,17,Frames,11.67,IG-S059,FRANCE,DE1164AB-D658-4DA3-941A-05099A9A781F,SUCCURSALE
IRIS GALERIE - PARIS PASSAGE DU HAVRE,DE1164AB-D658-4DA3-941A-05099A9A781F,P 30x30 Solo,1,69,57.5,6,2023,17,Print,57.5,IG-S059,FRANCE,DE1164AB-D658-4DA3-941A-05099A9A781F,SUCCURSALE
IRIS GALERIE - PARIS PASSAGE DU HAVRE,74FE55FB-D5F2-4C5C-B425-47C4C856D1B6,Digital File Solo,1,79,65.83,6,2023,17,Digital,65.83,IG-S059,FRANCE,74FE55FB-D5F2-4C5C-B425-47C4C856D1B6,SUCCURSALE
IRIS GALERIE - PARIS PASSAGE DU HAVRE,CE84155C-19FE-4CDC-A1BF-067FC4964FF2,Gift Card,1,83,83,6,2023,17,Giftcard,83,IG-S059,FRANCE,CE84155C-19FE-4CDC-A1BF-067FC4964FF2,SUCCURSALE
IRIS GALERIE - PARIS PASSAGE DU HAVRE,0C7DAE90-2057-4698-A745-1E7FDA71F930,F 30x30,1,14,11.67,6,2023,17,Frames,11.67,IG-S059,FRANCE,0C7DAE90-2057-4698-A745-1E7FDA71F930,SUCCURSALE
IRIS GALERIE - PARIS PASSAGE DU HAVRE,0C7DAE90-2057-4698-A745-1E7FDA71F930,P 30x30 Solo,1,69,57.5,6,2023,17,Print,57.5,IG-S059,FRANCE,0C7DAE90-2057-4698-A745-1E7FDA71F930,SUCCURSALE
IRIS GALERIE - PARIS PASSAGE DU HAVRE,4AE09A90-CF13-4225-992D-A844322CE564,AF 40x40 Duo,1,349,290.83,6,2023,18,AF,290.83,IG-S059,FRANCE,4AE09A90-CF13-4225-992D-A844322CE564,SUCCURSALE
IRIS GALERIE - PARIS PASSAGE DU HAVRE,4AE09A90-CF13-4225-992D-A844322CE564,Shipping,1,15,12.5,6,2023,18,Shipping,12.5,IG-S059,FRANCE,4AE09A90-CF13-4225-992D-A844322CE564,SUCCURSALE
IRIS GALERIE - PARIS PASSAGE DU HAVRE,2BF8F01F-9207-4A43-B5E7-5B72C9AB318E,F 40x40,1,16,13.33,6,2023,18,Frames,13.33,IG-S059,FRANCE,2BF8F01F-9207-4A43-B5E7-5B72C9AB318E,SUCCURSALE
IRIS GALERIE - PARIS PASSAGE DU HAVRE,2BF8F01F-9207-4A43-B5E7-5B72C9AB318E,P 40x40 Trio,1,149,124.17,6,2023,18,Print,124.17,IG-S059,FRANCE,2BF8F01F-9207-4A43-B5E7-5B72C9AB318E,SUCCURSALE
IRIS GALERIE - PARIS PASSAGE DU HAVRE,F2810382-AA4C-47B6-9056-76F830B2F48E,F 20x20,1,12,10,6,2023,18,Frames,10,IG-S059,FRANCE,F2810382-AA4C-47B6-9056-76F830B2F48E,SUCCURSALE
IRIS GALERIE - PARIS PASSAGE DU HAVRE,F2810382-AA4C-47B6-9056-76F830B2F48E,P 20x20 Solo,1,49,40.83,6,2023,18,Print,40.83,IG-S059,FRANCE,F2810382-AA4C-47B6-9056-76F830B2F48E,SUCCURSALE
IRIS GALERIE - PARIS PASSAGE DU HAVRE,691D2723-1E36-44D9-B4B5-0CCB226C62D3,F 20x20,1,12,10,6,2023,18,Frames,10,IG-S059,FRANCE,691D2723-1E36-44D9-B4B5-0CCB226C62D3,SUCCURSALE
IRIS GALERIE - PARIS PASSAGE DU HAVRE,691D2723-1E36-44D9-B4B5-0CCB226C62D3,P 20x20 Solo,1,49,40.83,6,2023,18,Print,40.83,IG-S059,FRANCE,691D2723-1E36-44D9-B4B5-0CCB226C62D3,SUCCURSALE
IRIS GALERIE - PARIS PASSAGE DU HAVRE,8528F239-0C61-4CDA-86CF-B57EA9C12E9B,P 30x30 Duo,1,99,82.5,6,2023,18,Print,82.5,IG-S059,FRANCE,8528F239-0C61-4CDA-86CF-B57EA9C12E9B,SUCCURSALE
IRIS GALERIE - PARIS PASSAGE DU HAVRE,3A996B6B-C7DD-4254-9986-E2C23CD1CA0B,AD 20x100,1,469,390.83,6,2023,18,AD,390.83,IG-S059,FRANCE,3A996B6B-C7DD-4254-9986-E2C23CD1CA0B,SUCCURSALE
IRIS GALERIE - PARIS PASSAGE DU HAVRE,3A996B6B-C7DD-4254-9986-E2C23CD1CA0B,Shipping,1,85,70.83,6,2023,18,Shipping,70.83,IG-S059,FRANCE,3A996B6B-C7DD-4254-9986-E2C23CD1CA0B,SUCCURSALE
IRIS GALERIE - PARIS PASSAGE DU HAVRE,2F24F7FD-8D69-4BE5-ABB9-897D535D7D88,AF 40x40 Duo,1,349,290.83,6,2023,18,AF,290.83,IG-S059,FRANCE,2F24F7FD-8D69-4BE5-ABB9-897D535D7D88,SUCCURSALE
IRIS GALERIE - PARIS PASSAGE DU HAVRE,2F24F7FD-8D69-4BE5-ABB9-897D535D7D88,Shipping,1,40,33.33,6,2023,18,Shipping,33.33,IG-S059,FRANCE,2F24F7FD-8D69-4BE5-ABB9-897D535D7D88,SUCCURSALE
IRIS GALERIE - PARIS PASSAGE DU HAVRE,F17E27F8-A884-4485-B349-8E03D11A834B,F 20x20,1,12,10,6,2023,18,Frames,10,IG-S059,FRANCE,F17E27F8-A884-4485-B349-8E03D11A834B,SUCCURSALE
IRIS GALERIE - PARIS PASSAGE DU HAVRE,F17E27F8-A884-4485-B349-8E03D11A834B,P 20x20 Solo,1,49,40.83,6,2023,18,Print,40.83,IG-S059,FRANCE,F17E27F8-A884-4485-B349-8E03D11A834B,SUCCURSALE
IRIS GALERIE - PARIS PASSAGE DU HAVRE,6F2CE92F-07BF-4D5D-8DAB-493AC69BAB92,Digital File Solo,1,79,65.83,6,2023,18,Digital,65.83,IG-S059,FRANCE,6F2CE92F-07BF-4D5D-8DAB-493AC69BAB92,SUCCURSALE
IRIS GALERIE - PARIS PASSAGE DU HAVRE,1A2F5D82-BF19-4D16-9B28-BF91D214D95C,F 20x20,1,12,10,6,2023,18,Frames,10,IG-S059,FRANCE,1A2F5D82-BF19-4D16-9B28-BF91D214D95C,SUCCURSALE
IRIS GALERIE - PARIS PASSAGE DU HAVRE,1A2F5D82-BF19-4D16-9B28-BF91D214D95C,P 20x20 Solo,1,49,40.83,6,2023,18,Print,40.83,IG-S059,FRANCE,1A2F5D82-BF19-4D16-9B28-BF91D214D95C,SUCCURSALE
IRIS GALERIE - PARIS PASSAGE DU HAVRE,96D0FA98-7E1B-4EF6-AB60-4B9BCDAAFB7D,P 30x30 Duo,1,99,82.5,6,2023,18,Print,82.5,IG-S059,FRANCE,96D0FA98-7E1B-4EF6-AB60-4B9BCDAAFB7D,SUCCURSALE
IRIS GALERIE - PARIS PASSAGE DU HAVRE,835F0691-1397-49A6-8E7E-3E2F08E0DA84,AD 40x40 Quator,1,259,215.83,6,2023,18,AD,215.83,IG-S059,FRANCE,835F0691-1397-49A6-8E7E-3E2F08E0DA84,SUCCURSALE
IRIS GALERIE - PARIS PASSAGE DU HAVRE,C702FDDE-0651-4259-B7A5-D084FCBD5D90,Digital File Duo,1,109,90.83,6,2023,18,Digital,90.83,IG-S059,FRANCE,C702FDDE-0651-4259-B7A5-D084FCBD5D90,SUCCURSALE
IRIS GALERIE - PARIS PASSAGE DU HAVRE,C702FDDE-0651-4259-B7A5-D084FCBD5D90,P 20x20 Solo,1,49,40.83,6,2023,18,Print,40.83,IG-S059,FRANCE,C702FDDE-0651-4259-B7A5-D084FCBD5D90,SUCCURSALE
IRIS GALERIE - PARIS PASSAGE DU HAVRE,F33558FD-34DD-4B45-961A-E31DD9CEC574,AF 30x60,1,469,390.83,6,2023,19,AF,390.83,IG-S059,FRANCE,F33558FD-34DD-4B45-961A-E31DD9CEC574,SUCCURSALE
IRIS GALERIE - PARIS PASSAGE DU HAVRE,F33558FD-34DD-4B45-961A-E31DD9CEC574,Shipping,1,20,16.67,6,2023,19,Shipping,16.67,IG-S059,FRANCE,F33558FD-34DD-4B45-961A-E31DD9CEC574,SUCCURSALE
IRIS GALERIE - PARIS PASSAGE DU HAVRE,B27437F5-3EF4-4374-8320-2B0CA19AFB3F,F 20x20,2,24,20,6,2023,19,Frames,20,IG-S059,FRANCE,B27437F5-3EF4-4374-8320-2B0CA19AFB3F,SUCCURSALE
IRIS GALERIE - PARIS PASSAGE DU HAVRE,B27437F5-3EF4-4374-8320-2B0CA19AFB3F,P 20x20 Solo,2,98,81.66,6,2023,19,Print,81.66,IG-S059,FRANCE,B27437F5-3EF4-4374-8320-2B0CA19AFB3F,SUCCURSALE
IRIS GALERIE - PARIS PASSAGE DU HAVRE,F3361C8B-15E9-4E41-A521-2008C7803544,F 30x30,1,14,11.67,6,2023,20,Frames,11.67,IG-S059,FRANCE,F3361C8B-15E9-4E41-A521-2008C7803544,SUCCURSALE
IRIS GALERIE - PARIS PASSAGE DU HAVRE,F3361C8B-15E9-4E41-A521-2008C7803544,P 30x30 Solo,1,69,57.5,6,2023,20,Print,57.5,IG-S059,FRANCE,F3361C8B-15E9-4E41-A521-2008C7803544,SUCCURSALE
IRIS GALERIE - PARIS PASSAGE DU HAVRE,BB914CE6-D9A8-4AD2-96E5-570DC2BA8662,F 30x30,1,14,11.67,6,2023,20,Frames,11.67,IG-S059,FRANCE,BB914CE6-D9A8-4AD2-96E5-570DC2BA8662,SUCCURSALE
IRIS GALERIE - PARIS PASSAGE DU HAVRE,BB914CE6-D9A8-4AD2-96E5-570DC2BA8662,P 30x30 Duo,1,99,82.5,6,2023,20,Print,82.5,IG-S059,FRANCE,BB914CE6-D9A8-4AD2-96E5-570DC2BA8662,SUCCURSALE
IRIS GALERIE - PARIS PASSAGE DU HAVRE,41149F2C-CCE7-4D7C-B52A-971FC3A15C3E,P 20x20 Solo,1,49,40.83,6,2023,23,Print,40.83,IG-S059,FRANCE,41149F2C-CCE7-4D7C-B52A-971FC3A15C3E,SUCCURSALE
IRIS GALERIE - PARIS PASSAGE DU HAVRE,F7BD573F-9640-4B4A-B3D4-A941D4B0C757,P 20x20 Solo,1,49,40.83,6,2023,23,Print,40.83,IG-S059,FRANCE,F7BD573F-9640-4B4A-B3D4-A941D4B0C757,SUCCURSALE
IRIS GALERIE - PARIS PASSAGE DU HAVRE,8D511385-040A-4501-9F49-D4C88829C4AD,F 20x20,1,12,10,6,2023,23,Frames,10,IG-S059,FRANCE,8D511385-040A-4501-9F49-D4C88829C4AD,SUCCURSALE
IRIS GALERIE - PARIS PASSAGE DU HAVRE,8D511385-040A-4501-9F49-D4C88829C4AD,P 20x20 Solo,1,49,40.83,6,2023,23,Print,40.83,IG-S059,FRANCE,8D511385-040A-4501-9F49-D4C88829C4AD,SUCCURSALE
IRIS GALERIE - PARIS PASSAGE DU HAVRE,652B49CD-C853-438D-8B30-94ED1CB80A28,AF 40x40 Duo,1,349,290.83,6,2023,23,AF,290.83,IG-S059,FRANCE,652B49CD-C853-438D-8B30-94ED1CB80A28,SUCCURSALE
IRIS GALERIE - PARIS PASSAGE DU HAVRE,5C5BD16A-6F04-479A-898B-99D6CE9DDE00,F 20x20,2,24,20,6,2023,23,Frames,20,IG-S059,FRANCE,5C5BD16A-6F04-479A-898B-99D6CE9DDE00,SUCCURSALE
IRIS GALERIE - PARIS PASSAGE DU HAVRE,5C5BD16A-6F04-479A-898B-99D6CE9DDE00,P 20x20 Solo,2,98,81.66,6,2023,23,Print,81.66,IG-S059,FRANCE,5C5BD16A-6F04-479A-898B-99D6CE9DDE00,SUCCURSALE
IRIS GALERIE - PARIS PASSAGE DU HAVRE,19C45696-4E1A-4273-A462-2BD984D7A33A,P 20x20 Solo,1,49,40.83,6,2023,23,Print,40.83,IG-S059,FRANCE,19C45696-4E1A-4273-A462-2BD984D7A33A,SUCCURSALE
IRIS GALERIE - PARIS PASSAGE DU HAVRE,1CDBD2FA-6BA8-4833-B61B-14824844BE4D,P 20x20 Solo,1,49,40.83,6,2023,24,Print,40.83,IG-S059,FRANCE,1CDBD2FA-6BA8-4833-B61B-14824844BE4D,SUCCURSALE
IRIS GALERIE - PARIS PASSAGE DU HAVRE,4FE88B5D-5A9B-4A30-B1B4-C9E61A46ADA0,P 20x20 Solo,1,49,40.83,6,2023,24,Print,40.83,IG-S059,FRANCE,4FE88B5D-5A9B-4A30-B1B4-C9E61A46ADA0,SUCCURSALE
IRIS GALERIE - PARIS PASSAGE DU HAVRE,574F2979-2A52-42D0-9CAE-F0551FD80F38,AD 60x60 Duo,1,369,307.5,6,2023,24,AD,307.5,IG-S059,FRANCE,574F2979-2A52-42D0-9CAE-F0551FD80F38,SUCCURSALE
IRIS GALERIE - PARIS PASSAGE DU HAVRE,574F2979-2A52-42D0-9CAE-F0551FD80F38,Shipping,1,15,12.5,6,2023,24,Shipping,12.5,IG-S059,FRANCE,574F2979-2A52-42D0-9CAE-F0551FD80F38,SUCCURSALE
IRIS GALERIE - PARIS PASSAGE DU HAVRE,409A0B15-4A22-46C7-8AFE-E266A1C15F98,F 30x30,1,14,11.67,6,2023,24,Frames,11.67,IG-S059,FRANCE,409A0B15-4A22-46C7-8AFE-E266A1C15F98,SUCCURSALE
IRIS GALERIE - PARIS PASSAGE DU HAVRE,409A0B15-4A22-46C7-8AFE-E266A1C15F98,P 30x30 Trio,1,129,107.5,6,2023,24,Print,107.5,IG-S059,FRANCE,409A0B15-4A22-46C7-8AFE-E266A1C15F98,SUCCURSALE
IRIS GALERIE - PARIS PASSAGE DU HAVRE,864B69BD-3EEA-464A-AB95-2087094BF4C9,P 20x20 Solo,1,49,40.83,6,2023,24,Print,40.83,IG-S059,FRANCE,864B69BD-3EEA-464A-AB95-2087094BF4C9,SUCCURSALE
IRIS GALERIE - PARIS PASSAGE DU HAVRE,565FC834-8DD9-4E3B-B6BB-CD9B6F54C26A,Gift Card,1,135,135,6,2023,24,Giftcard,135,IG-S059,FRANCE,565FC834-8DD9-4E3B-B6BB-CD9B6F54C26A,SUCCURSALE
IRIS GALERIE - PARIS PASSAGE DU HAVRE,CAEBB369-3D14-4476-B951-74014B3E5BFD,F 30x30,1,14,11.67,6,2023,24,Frames,11.67,IG-S059,FRANCE,CAEBB369-3D14-4476-B951-74014B3E5BFD,SUCCURSALE
IRIS GALERIE - PARIS PASSAGE DU HAVRE,CAEBB369-3D14-4476-B951-74014B3E5BFD,P 30x30 Duo,1,99,82.5,6,2023,24,Print,82.5,IG-S059,FRANCE,CAEBB369-3D14-4476-B951-74014B3E5BFD,SUCCURSALE
IRIS GALERIE - PARIS PASSAGE DU HAVRE,4BA53230-9754-4A12-872F-E0EB2EE0425E,F 20x20,1,12,10,6,2023,25,Frames,10,IG-S059,FRANCE,4BA53230-9754-4A12-872F-E0EB2EE0425E,SUCCURSALE
IRIS GALERIE - PARIS PASSAGE DU HAVRE,4BA53230-9754-4A12-872F-E0EB2EE0425E,P 20x20 Solo,1,49,40.83,6,2023,25,Print,40.83,IG-S059,FRANCE,4BA53230-9754-4A12-872F-E0EB2EE0425E,SUCCURSALE
IRIS GALERIE - PARIS PASSAGE DU HAVRE,FE70CFC4-8D10-4C85-B3EF-BC9C28BE1031,AF 20x80,1,539,449.17,6,2023,25,AF,449.17,IG-S059,FRANCE,FE70CFC4-8D10-4C85-B3EF-BC9C28BE1031,SUCCURSALE
IRIS GALERIE - PARIS PASSAGE DU HAVRE,3C0A47D6-A7AD-49B9-B1B4-01CC077327BB,AD 40x40 Duo,1,209,174.17,6,2023,25,AD,174.17,IG-S059,FRANCE,3C0A47D6-A7AD-49B9-B1B4-01CC077327BB,SUCCURSALE
IRIS GALERIE - PARIS PASSAGE DU HAVRE,3C0A47D6-A7AD-49B9-B1B4-01CC077327BB,CUS 40x40,1,80,66.67,6,2023,25,CUS,66.67,IG-S059,FRANCE,3C0A47D6-A7AD-49B9-B1B4-01CC077327BB,SUCCURSALE
IRIS GALERIE - PARIS PASSAGE DU HAVRE,3C0A47D6-A7AD-49B9-B1B4-01CC077327BB,Shipping,1,40,33.33,6,2023,25,Shipping,33.33,IG-S059,FRANCE,3C0A47D6-A7AD-49B9-B1B4-01CC077327BB,SUCCURSALE
IRIS GALERIE - PARIS PASSAGE DU HAVRE,5B15D2E5-8EE4-4EF5-B3B3-2102B94A9B41,AD 30x120,1,669,557.5,6,2023,25,AD,557.5,IG-S059,FRANCE,5B15D2E5-8EE4-4EF5-B3B3-2102B94A9B41,SUCCURSALE
IRIS GALERIE - PARIS PASSAGE DU HAVRE,5B15D2E5-8EE4-4EF5-B3B3-2102B94A9B41,Shipping,1,15,12.5,6,2023,25,Shipping,12.5,IG-S059,FRANCE,5B15D2E5-8EE4-4EF5-B3B3-2102B94A9B41,SUCCURSALE
IRIS GALERIE - PARIS PASSAGE DU HAVRE,9E5C757E-3894-4D6E-B084-B644FAB3D5E8,AF 120x120 Solo,1,1999,1665.83,6,2023,25,AF,1665.83,IG-S059,FRANCE,9E5C757E-3894-4D6E-B084-B644FAB3D5E8,SUCCURSALE
IRIS GALERIE - PARIS PASSAGE DU HAVRE,9E5C757E-3894-4D6E-B084-B644FAB3D5E8,CUS 120x120,1,420,350,6,2023,25,CUS,350,IG-S059,FRANCE,9E5C757E-3894-4D6E-B084-B644FAB3D5E8,SUCCURSALE
IRIS GALERIE - PARIS PASSAGE DU HAVRE,9E5C757E-3894-4D6E-B084-B644FAB3D5E8,Shipping,1,30,25,6,2023,25,Shipping,25,IG-S059,FRANCE,9E5C757E-3894-4D6E-B084-B644FAB3D5E8,SUCCURSALE
IRIS GALERIE - PARIS PASSAGE DU HAVRE,DE31DC6C-7BD9-435F-8DEA-70DD5A115CA6,F 20x20,1,12,10,6,2023,25,Frames,10,IG-S059,FRANCE,DE31DC6C-7BD9-435F-8DEA-70DD5A115CA6,SUCCURSALE
IRIS GALERIE - PARIS PASSAGE DU HAVRE,DE31DC6C-7BD9-435F-8DEA-70DD5A115CA6,P 20x20 Solo,1,49,40.83,6,2023,25,Print,40.83,IG-S059,FRANCE,DE31DC6C-7BD9-435F-8DEA-70DD5A115CA6,SUCCURSALE
IRIS GALERIE - PARIS PASSAGE DU HAVRE,BADFBF73-09A4-4D1F-BF88-A2DD327D0C05,F 20x20,2,24,20,6,2023,25,Frames,20,IG-S059,FRANCE,BADFBF73-09A4-4D1F-BF88-A2DD327D0C05,SUCCURSALE
IRIS GALERIE - PARIS PASSAGE DU HAVRE,BADFBF73-09A4-4D1F-BF88-A2DD327D0C05,P 20x20 Solo,2,98,81.66,6,2023,25,Print,81.66,IG-S059,FRANCE,BADFBF73-09A4-4D1F-BF88-A2DD327D0C05,SUCCURSALE
IRIS GALERIE - PARIS PASSAGE DU HAVRE,374EF918-3A53-4DB6-B332-1403B7EDF69B,P 20x20 Solo,1,49,40.83,6,2023,26,Print,40.83,IG-S059,FRANCE,374EF918-3A53-4DB6-B332-1403B7EDF69B,SUCCURSALE
IRIS GALERIE - PARIS PASSAGE DU HAVRE,4FA0A1CA-AF1E-4450-A156-B69EA3F1B541,F 30x30,1,14,11.67,6,2023,26,Frames,11.67,IG-S059,FRANCE,4FA0A1CA-AF1E-4450-A156-B69EA3F1B541,SUCCURSALE
IRIS GALERIE - PARIS PASSAGE DU HAVRE,4FA0A1CA-AF1E-4450-A156-B69EA3F1B541,P 30x30 Duo,1,99,82.5,6,2023,26,Print,82.5,IG-S059,FRANCE,4FA0A1CA-AF1E-4450-A156-B69EA3F1B541,SUCCURSALE
IRIS GALERIE - PARIS PASSAGE DU HAVRE,D423C3DF-33A9-4776-8704-048EFFED8335,P 30x30 Duo,1,99,82.5,6,2023,26,Print,82.5,IG-S059,FRANCE,D423C3DF-33A9-4776-8704-048EFFED8335,SUCCURSALE
IRIS GALERIE - PARIS PASSAGE DU HAVRE,4B867AE8-0DA1-493A-866C-D661275E3BED,F 20x20,1,12,10,6,2023,26,Frames,10,IG-S059,FRANCE,4B867AE8-0DA1-493A-866C-D661275E3BED,SUCCURSALE
IRIS GALERIE - PARIS PASSAGE DU HAVRE,4B867AE8-0DA1-493A-866C-D661275E3BED,P 20x20 Solo,1,49,40.83,6,2023,26,Print,40.83,IG-S059,FRANCE,4B867AE8-0DA1-493A-866C-D661275E3BED,SUCCURSALE
IRIS GALERIE - PARIS PASSAGE DU HAVRE,22450F15-E8BF-46FA-9C7A-7727744E8D6D,F 30x30,1,14,11.67,6,2023,26,Frames,11.67,IG-S059,FRANCE,22450F15-E8BF-46FA-9C7A-7727744E8D6D,SUCCURSALE
IRIS GALERIE - PARIS PASSAGE DU HAVRE,22450F15-E8BF-46FA-9C7A-7727744E8D6D,P 30x30 Solo,1,69,57.5,6,2023,26,Print,57.5,IG-S059,FRANCE,22450F15-E8BF-46FA-9C7A-7727744E8D6D,SUCCURSALE
IRIS GALERIE - PARIS PASSAGE DU HAVRE,6C2E337B-8197-47C4-A86D-AB38780BE564,Gift Card,1,200,200,6,2023,26,Giftcard,200,IG-S059,FRANCE,6C2E337B-8197-47C4-A86D-AB38780BE564,SUCCURSALE
IRIS GALERIE - PARIS PASSAGE DU HAVRE,E5303325-12C8-48A3-ABC8-1B4F5C516B1F,F 40x40,1,16,13.33,6,2023,26,Frames,13.33,IG-S059,FRANCE,E5303325-12C8-48A3-ABC8-1B4F5C516B1F,SUCCURSALE
IRIS GALERIE - PARIS PASSAGE DU HAVRE,E5303325-12C8-48A3-ABC8-1B4F5C516B1F,P 40x40 Duo,1,119,99.17,6,2023,26,Print,99.17,IG-S059,FRANCE,E5303325-12C8-48A3-ABC8-1B4F5C516B1F,SUCCURSALE
IRIS GALERIE - PARIS PASSAGE DU HAVRE,C3A96CD1-B5EE-493E-8850-F4B1D0034B6D,F 20x20,1,12,10,6,2023,27,Frames,10,IG-S059,FRANCE,C3A96CD1-B5EE-493E-8850-F4B1D0034B6D,SUCCURSALE
IRIS GALERIE - PARIS PASSAGE DU HAVRE,C3A96CD1-B5EE-493E-8850-F4B1D0034B6D,P 20x20 Solo,1,49,40.83,6,2023,27,Print,40.83,IG-S059,FRANCE,C3A96CD1-B5EE-493E-8850-F4B1D0034B6D,SUCCURSALE
IRIS GALERIE - PARIS PASSAGE DU HAVRE,C1526233-C2E4-4E2B-860B-3BAE086750C9,Digital File Quintor,1,179,149.17,6,2023,27,Digital,149.17,IG-S059,FRANCE,C1526233-C2E4-4E2B-860B-3BAE086750C9,SUCCURSALE
IRIS GALERIE - PARIS PASSAGE DU HAVRE,CC6913D2-E088-4588-A156-CAB8EEB34863,AD 30x90,2,818,681.66,6,2023,27,AD,681.66,IG-S059,FRANCE,CC6913D2-E088-4588-A156-CAB8EEB34863,SUCCURSALE
IRIS GALERIE - PARIS PASSAGE DU HAVRE,4A00BE7A-8063-4543-974B-B8BFCBA3CE5F,F 20x20,2,24,20,6,2023,27,Frames,20,IG-S059,FRANCE,4A00BE7A-8063-4543-974B-B8BFCBA3CE5F,SUCCURSALE
IRIS GALERIE - PARIS PASSAGE DU HAVRE,4A00BE7A-8063-4543-974B-B8BFCBA3CE5F,P 20x20 Solo,2,98,81.66,6,2023,27,Print,81.66,IG-S059,FRANCE,4A00BE7A-8063-4543-974B-B8BFCBA3CE5F,SUCCURSALE
IRIS GALERIE - PARIS PASSAGE DU HAVRE,3294DC10-FDE7-4A6B-977B-70C8C6826E2A,F 30x30,1,14,11.67,6,2023,28,Frames,11.67,IG-S059,FRANCE,3294DC10-FDE7-4A6B-977B-70C8C6826E2A,SUCCURSALE
IRIS GALERIE - PARIS PASSAGE DU HAVRE,3294DC10-FDE7-4A6B-977B-70C8C6826E2A,P 30x30 Duo,1,99,82.5,6,2023,28,Print,82.5,IG-S059,FRANCE,3294DC10-FDE7-4A6B-977B-70C8C6826E2A,SUCCURSALE
IRIS GALERIE - PARIS PASSAGE DU HAVRE,6BE2A579-3076-4B9D-B16A-7EF5AFEB2DFA,P 40x40 Duo,1,119,99.17,6,2023,28,Print,99.17,IG-S059,FRANCE,6BE2A579-3076-4B9D-B16A-7EF5AFEB2DFA,SUCCURSALE
IRIS GALERIE - PARIS PASSAGE DU HAVRE,F689E868-7BFD-4C8D-B659-E233AFB96776,F 40x40,1,16,13.33,6,2023,28,Frames,13.33,IG-S059,FRANCE,F689E868-7BFD-4C8D-B659-E233AFB96776,SUCCURSALE
IRIS GALERIE - PARIS PASSAGE DU HAVRE,F689E868-7BFD-4C8D-B659-E233AFB96776,P 40x40 Duo,1,119,99.17,6,2023,28,Print,99.17,IG-S059,FRANCE,F689E868-7BFD-4C8D-B659-E233AFB96776,SUCCURSALE
IRIS GALERIE - PARIS PASSAGE DU HAVRE,5B859F5C-F710-478A-A788-2E391D004A6D,P 40x40 Duo,1,119,99.17,6,2023,28,Print,99.17,IG-S059,FRANCE,5B859F5C-F710-478A-A788-2E391D004A6D,SUCCURSALE
IRIS GALERIE - PARIS PASSAGE DU HAVRE,02F32DC2-5FBA-47C8-9F3F-1B12E7F90DE4,P 40x40 Duo,1,119,99.17,6,2023,28,Print,99.17,IG-S059,FRANCE,02F32DC2-5FBA-47C8-9F3F-1B12E7F90DE4,SUCCURSALE
IRIS GALERIE - PARIS PASSAGE DU HAVRE,CB1C07B6-C7CF-43FD-9064-8502F837DB0D,F 30x30,1,14,11.67,6,2023,29,Frames,11.67,IG-S059,FRANCE,CB1C07B6-C7CF-43FD-9064-8502F837DB0D,SUCCURSALE
IRIS GALERIE - PARIS PASSAGE DU HAVRE,CB1C07B6-C7CF-43FD-9064-8502F837DB0D,P 30x30 Duo,1,99,82.5,6,2023,29,Print,82.5,IG-S059,FRANCE,CB1C07B6-C7CF-43FD-9064-8502F837DB0D,SUCCURSALE
IRIS GALERIE - PARIS PASSAGE DU HAVRE,6D173A60-5D90-4C38-AEAA-640D34C3DEDC,AD 50x50 Trio,1,319,265.83,6,2023,29,AD,265.83,IG-S059,FRANCE,6D173A60-5D90-4C38-AEAA-640D34C3DEDC,SUCCURSALE
IRIS GALERIE - PARIS PASSAGE DU HAVRE,E5E3C396-057C-4649-8526-A6CE3AD6D254,F 40x40,1,16,13.33,6,2023,29,Frames,13.33,IG-S059,FRANCE,E5E3C396-057C-4649-8526-A6CE3AD6D254,SUCCURSALE
IRIS GALERIE - PARIS PASSAGE DU HAVRE,E5E3C396-057C-4649-8526-A6CE3AD6D254,P 40x40 Duo,1,119,99.17,6,2023,29,Print,99.17,IG-S059,FRANCE,E5E3C396-057C-4649-8526-A6CE3AD6D254,SUCCURSALE
IRIS GALERIE - PARIS PASSAGE DU HAVRE,76D23F0A-2286-43EA-816F-2BDA9DEAE075,AF 40x40 Trio,1,379,315.83,6,2023,29,AF,315.83,IG-S059,FRANCE,76D23F0A-2286-43EA-816F-2BDA9DEAE075,SUCCURSALE
IRIS GALERIE - PARIS PASSAGE DU HAVRE,76D23F0A-2286-43EA-816F-2BDA9DEAE075,Shipping,1,15,12.5,6,2023,29,Shipping,12.5,IG-S059,FRANCE,76D23F0A-2286-43EA-816F-2BDA9DEAE075,SUCCURSALE
IRIS GALERIE - PARIS PASSAGE DU HAVRE,4DF473A1-7A93-4D58-925F-1DE6FB222C0D,F 20x20,1,12,10,6,2023,29,Frames,10,IG-S059,FRANCE,4DF473A1-7A93-4D58-925F-1DE6FB222C0D,SUCCURSALE
IRIS GALERIE - PARIS PASSAGE DU HAVRE,4DF473A1-7A93-4D58-925F-1DE6FB222C0D,P 20x20 Solo,1,49,40.83,6,2023,29,Print,40.83,IG-S059,FRANCE,4DF473A1-7A93-4D58-925F-1DE6FB222C0D,SUCCURSALE
IRIS GALERIE - PARIS PASSAGE DU HAVRE,131C0C5D-FA64-45B4-8278-EAD2DC31BCFE,F 40x40,1,16,13.33,6,2023,29,Frames,13.33,IG-S059,FRANCE,131C0C5D-FA64-45B4-8278-EAD2DC31BCFE,SUCCURSALE
IRIS GALERIE - PARIS PASSAGE DU HAVRE,131C0C5D-FA64-45B4-8278-EAD2DC31BCFE,P 40x40 Duo,1,119,99.17,6,2023,29,Print,99.17,IG-S059,FRANCE,131C0C5D-FA64-45B4-8278-EAD2DC31BCFE,SUCCURSALE
IRIS GALERIE - PARIS PASSAGE DU HAVRE,3DCB88AA-9C90-4522-908A-BAEB5122900F,F 30x30,1,14,11.67,6,2023,29,Frames,11.67,IG-S059,FRANCE,3DCB88AA-9C90-4522-908A-BAEB5122900F,SUCCURSALE
IRIS GALERIE - PARIS PASSAGE DU HAVRE,3DCB88AA-9C90-4522-908A-BAEB5122900F,P 30x30 Duo,1,99,82.5,6,2023,29,Print,82.5,IG-S059,FRANCE,3DCB88AA-9C90-4522-908A-BAEB5122900F,SUCCURSALE
IRIS GALERIE - PARIS PASSAGE DU HAVRE,2E830EBC-81ED-4B55-BD99-904D826E0422,F 30x30,1,14,11.67,6,2023,29,Frames,11.67,IG-S059,FRANCE,2E830EBC-81ED-4B55-BD99-904D826E0422,SUCCURSALE
IRIS GALERIE - PARIS PASSAGE DU HAVRE,2E830EBC-81ED-4B55-BD99-904D826E0422,F 40x40,1,16,13.33,6,2023,29,Frames,13.33,IG-S059,FRANCE,2E830EBC-81ED-4B55-BD99-904D826E0422,SUCCURSALE
IRIS GALERIE - PARIS PASSAGE DU HAVRE,2E830EBC-81ED-4B55-BD99-904D826E0422,P 30x30 Solo,1,69,57.5,6,2023,29,Print,57.5,IG-S059,FRANCE,2E830EBC-81ED-4B55-BD99-904D826E0422,SUCCURSALE
IRIS GALERIE - PARIS PASSAGE DU HAVRE,2E830EBC-81ED-4B55-BD99-904D826E0422,P 40x40 Duo,1,119,99.17,6,2023,29,Print,99.17,IG-S059,FRANCE,2E830EBC-81ED-4B55-BD99-904D826E0422,SUCCURSALE
IRIS GALERIE - PARIS PASSAGE DU HAVRE,F90F0B23-2830-4E29-BA1B-41B0AC43563A,F 20x20,1,12,10,6,2023,29,Frames,10,IG-S059,FRANCE,F90F0B23-2830-4E29-BA1B-41B0AC43563A,SUCCURSALE
IRIS GALERIE - PARIS PASSAGE DU HAVRE,F90F0B23-2830-4E29-BA1B-41B0AC43563A,P 20x20 Solo,1,49,40.83,6,2023,29,Print,40.83,IG-S059,FRANCE,F90F0B23-2830-4E29-BA1B-41B0AC43563A,SUCCURSALE
IRIS GALERIE - PARIS PASSAGE DU HAVRE,8B4C1F10-253D-4535-A8AD-AB8BE8C05665,F 20x20,1,12,10,6,2023,29,Frames,10,IG-S059,FRANCE,8B4C1F10-253D-4535-A8AD-AB8BE8C05665,SUCCURSALE
IRIS GALERIE - PARIS PASSAGE DU HAVRE,8B4C1F10-253D-4535-A8AD-AB8BE8C05665,P 20x20 Solo,1,49,40.83,6,2023,29,Print,40.83,IG-S059,FRANCE,8B4C1F10-253D-4535-A8AD-AB8BE8C05665,SUCCURSALE
IRIS GALERIE - PARIS PASSAGE DU HAVRE,50DD7FD4-3AF1-4FB8-9B2C-1851989D90F4,Gift Card,1,61,61,6,2023,30,Giftcard,61,IG-S059,FRANCE,50DD7FD4-3AF1-4FB8-9B2C-1851989D90F4,SUCCURSALE
IRIS GALERIE - PARIS PASSAGE DU HAVRE,A36D109B-878F-40C0-A1B5-D2ABBA321E0C,AD 60x60 Trio,1,409,340.83,6,2023,30,AD,340.83,IG-S059,FRANCE,A36D109B-878F-40C0-A1B5-D2ABBA321E0C,SUCCURSALE
IRIS GALERIE - PARIS PASSAGE DU HAVRE,A36D109B-878F-40C0-A1B5-D2ABBA321E0C,Shipping,1,15,12.5,6,2023,30,Shipping,12.5,IG-S059,FRANCE,A36D109B-878F-40C0-A1B5-D2ABBA321E0C,SUCCURSALE
IRIS GALERIE - PARIS PASSAGE DU HAVRE,CB1D0525-42B6-4AF2-87A9-B6968DD0436B,Digital File Solo,1,79,65.83,6,2023,30,Digital,65.83,IG-S059,FRANCE,CB1D0525-42B6-4AF2-87A9-B6968DD0436B,SUCCURSALE
IRIS GALERIE - PARIS PASSAGE DU HAVRE,68CD7015-995C-4DFD-86F7-B23E0F32B2C3,F 20x20,2,24,20,6,2023,30,Frames,20,IG-S059,FRANCE,68CD7015-995C-4DFD-86F7-B23E0F32B2C3,SUCCURSALE
IRIS GALERIE - PARIS PASSAGE DU HAVRE,68CD7015-995C-4DFD-86F7-B23E0F32B2C3,P 20x20 Solo,2,98,81.66,6,2023,30,Print,81.66,IG-S059,FRANCE,68CD7015-995C-4DFD-86F7-B23E0F32B2C3,SUCCURSALE
IRIS GALERIE - PARIS PASSAGE DU HAVRE,D0971ADC-8439-4217-AFD0-77D1B18A8D71,AD 30x30 Solo,1,119,99.17,6,2023,30,AD,99.17,IG-S059,FRANCE,D0971ADC-8439-4217-AFD0-77D1B18A8D71,SUCCURSALE
IRIS GALERIE - PARIS PASSAGE DU HAVRE,D0971ADC-8439-4217-AFD0-77D1B18A8D71,Shipping,1,40,33.33,6,2023,30,Shipping,33.33,IG-S059,FRANCE,D0971ADC-8439-4217-AFD0-77D1B18A8D71,SUCCURSALE
IRIS GALERIE - PARIS PASSAGE DU HAVRE,26196C56-E089-4712-99D7-023156008494,F 30x30,1,14,11.67,6,2023,30,Frames,11.67,IG-S059,FRANCE,26196C56-E089-4712-99D7-023156008494,SUCCURSALE
IRIS GALERIE - PARIS PASSAGE DU HAVRE,26196C56-E089-4712-99D7-023156008494,P 30x30 Solo,1,69,57.5,6,2023,30,Print,57.5,IG-S059,FRANCE,26196C56-E089-4712-99D7-023156008494,SUCCURSALE
IRIS GALERIE - PARIS PASSAGE DU HAVRE,1CC498C4-1F3F-440E-8981-B7E51842FD1F,Digital File Solo,1,79,65.83,6,2023,30,Digital,65.83,IG-S059,FRANCE,1CC498C4-1F3F-440E-8981-B7E51842FD1F,SUCCURSALE
IRIS GALERIE - PARIS PASSAGE DU HAVRE,322A44FB-8F30-4E57-A39C-D756AD5C5409,P 20x20 Solo,1,49,40.83,7,2023,1,Print,40.83,IG-S059,FRANCE,322A44FB-8F30-4E57-A39C-D756AD5C5409,SUCCURSALE
IRIS GALERIE - PARIS PASSAGE DU HAVRE,8F64CF07-4EE1-4AAD-B353-61EC9A38A1C5,P 40x40 Trio,1,149,124.17,7,2023,1,Print,124.17,IG-S059,FRANCE,8F64CF07-4EE1-4AAD-B353-61EC9A38A1C5,SUCCURSALE
IRIS GALERIE - PARIS PASSAGE DU HAVRE,4C4AA652-1FB6-429A-B7A7-58F930048008,P 30x30 Duo,1,99,82.5,7,2023,1,Print,82.5,IG-S059,FRANCE,4C4AA652-1FB6-429A-B7A7-58F930048008,SUCCURSALE
IRIS GALERIE - PARIS PASSAGE DU HAVRE,CBC385FE-3181-4250-84A5-C78842C929B4,F 20x20,1,12,10,7,2023,1,Frames,10,IG-S059,FRANCE,CBC385FE-3181-4250-84A5-C78842C929B4,SUCCURSALE
IRIS GALERIE - PARIS PASSAGE DU HAVRE,CBC385FE-3181-4250-84A5-C78842C929B4,P 20x20 Solo,1,49,40.83,7,2023,1,Print,40.83,IG-S059,FRANCE,CBC385FE-3181-4250-84A5-C78842C929B4,SUCCURSALE
IRIS GALERIE - PARIS PASSAGE DU HAVRE,2A14B6A4-7C86-455A-AAAE-9A108A5DC833,P 20x20 Solo,1,49,40.83,7,2023,1,Print,40.83,IG-S059,FRANCE,2A14B6A4-7C86-455A-AAAE-9A108A5DC833,SUCCURSALE
IRIS GALERIE - PARIS PASSAGE DU HAVRE,2183181E-30C7-4C04-8FC3-E0F151B6BF47,F 20x20,1,12,10,7,2023,1,Frames,10,IG-S059,FRANCE,2183181E-30C7-4C04-8FC3-E0F151B6BF47,SUCCURSALE
IRIS GALERIE - PARIS PASSAGE DU HAVRE,2183181E-30C7-4C04-8FC3-E0F151B6BF47,P 20x20 Solo,1,49,40.83,7,2023,1,Print,40.83,IG-S059,FRANCE,2183181E-30C7-4C04-8FC3-E0F151B6BF47,SUCCURSALE
IRIS GALERIE - PARIS PASSAGE DU HAVRE,47A007B7-BEDF-43FD-9C2B-23E5B456ED57,F 20x20,2,24,20,7,2023,1,Frames,20,IG-S059,FRANCE,47A007B7-BEDF-43FD-9C2B-23E5B456ED57,SUCCURSALE
IRIS GALERIE - PARIS PASSAGE DU HAVRE,47A007B7-BEDF-43FD-9C2B-23E5B456ED57,P 20x20 Solo,2,98,81.66,7,2023,1,Print,81.66,IG-S059,FRANCE,47A007B7-BEDF-43FD-9C2B-23E5B456ED57,SUCCURSALE
IRIS GALERIE - PARIS PASSAGE DU HAVRE,E84F90A4-6EFF-4C4F-BF63-E38009206733,AD 40x40 Solo,4,716,596.68,7,2023,1,AD,596.68,IG-S059,FRANCE,E84F90A4-6EFF-4C4F-BF63-E38009206733,SUCCURSALE
IRIS GALERIE - PARIS PASSAGE DU HAVRE,E84F90A4-6EFF-4C4F-BF63-E38009206733,Shipping,1,15,12.5,7,2023,1,Shipping,12.5,IG-S059,FRANCE,E84F90A4-6EFF-4C4F-BF63-E38009206733,SUCCURSALE
IRIS GALERIE - PARIS PASSAGE DU HAVRE,0A877638-A837-417B-9D1B-D074CDB8EE42,F 20x20,1,12,10,7,2023,1,Frames,10,IG-S059,FRANCE,0A877638-A837-417B-9D1B-D074CDB8EE42,SUCCURSALE
IRIS GALERIE - PARIS PASSAGE DU HAVRE,0A877638-A837-417B-9D1B-D074CDB8EE42,P 20x20 Solo,1,49,40.83,7,2023,1,Print,40.83,IG-S059,FRANCE,0A877638-A837-417B-9D1B-D074CDB8EE42,SUCCURSALE
IRIS GALERIE - PARIS PASSAGE DU HAVRE,F12290D3-AED0-431C-9266-326FE575E3AB,AD 40x40 Duo,1,209,174.17,7,2023,1,AD,174.17,IG-S059,FRANCE,F12290D3-AED0-431C-9266-326FE575E3AB,SUCCURSALE
IRIS GALERIE - PARIS PASSAGE DU HAVRE,F12290D3-AED0-431C-9266-326FE575E3AB,Shipping,1,15,12.5,7,2023,1,Shipping,12.5,IG-S059,FRANCE,F12290D3-AED0-431C-9266-326FE575E3AB,SUCCURSALE
IRIS GALERIE - PARIS PASSAGE DU HAVRE,A7B5959E-51A6-45D9-AA6F-BB4B1FB5AC97,F 30x30,1,14,11.67,7,2023,1,Frames,11.67,IG-S059,FRANCE,A7B5959E-51A6-45D9-AA6F-BB4B1FB5AC97,SUCCURSALE
IRIS GALERIE - PARIS PASSAGE DU HAVRE,A7B5959E-51A6-45D9-AA6F-BB4B1FB5AC97,P 30x30 Duo,1,99,82.5,7,2023,1,Print,82.5,IG-S059,FRANCE,A7B5959E-51A6-45D9-AA6F-BB4B1FB5AC97,SUCCURSALE
IRIS GALERIE - PARIS PASSAGE DU HAVRE,DF7FB054-394A-41F1-B343-33A1D6591028,F 20x20,1,12,10,7,2023,1,Frames,10,IG-S059,FRANCE,DF7FB054-394A-41F1-B343-33A1D6591028,SUCCURSALE
IRIS GALERIE - PARIS PASSAGE DU HAVRE,DF7FB054-394A-41F1-B343-33A1D6591028,P 20x20 Solo,1,49,40.83,7,2023,1,Print,40.83,IG-S059,FRANCE,DF7FB054-394A-41F1-B343-33A1D6591028,SUCCURSALE
IRIS GALERIE - PARIS PASSAGE DU HAVRE,F60AFD01-7D47-4537-AC86-4DB2F1695F77,P 20x20 Solo,2,98,81.66,7,2023,2,Print,81.66,IG-S059,FRANCE,F60AFD01-7D47-4537-AC86-4DB2F1695F77,SUCCURSALE
IRIS GALERIE - PARIS PASSAGE DU HAVRE,44522911-AFAF-439F-9142-158D778EAD95,AD 40x40 Duo,1,209,174.17,7,2023,2,AD,174.17,IG-S059,FRANCE,44522911-AFAF-439F-9142-158D778EAD95,SUCCURSALE
IRIS GALERIE - PARIS PASSAGE DU HAVRE,44522911-AFAF-439F-9142-158D778EAD95,Shipping,1,15,12.5,7,2023,2,Shipping,12.5,IG-S059,FRANCE,44522911-AFAF-439F-9142-158D778EAD95,SUCCURSALE
IRIS GALERIE - PARIS PASSAGE DU HAVRE,4D42A7CE-01B1-4745-BD03-E5085B68E663,AF 40x40 Duo,1,349,290.83,7,2023,2,AF,290.83,IG-S059,FRANCE,4D42A7CE-01B1-4745-BD03-E5085B68E663,SUCCURSALE
IRIS GALERIE - PARIS PASSAGE DU HAVRE,4D42A7CE-01B1-4745-BD03-E5085B68E663,Shipping,1,15,12.5,7,2023,2,Shipping,12.5,IG-S059,FRANCE,4D42A7CE-01B1-4745-BD03-E5085B68E663,SUCCURSALE
IRIS GALERIE - PARIS PASSAGE DU HAVRE,F1DDFA06-A509-4875-A3E2-993C667CC8CC,F 20x20,1,12,10,7,2023,2,Frames,10,IG-S059,FRANCE,F1DDFA06-A509-4875-A3E2-993C667CC8CC,SUCCURSALE
IRIS GALERIE - PARIS PASSAGE DU HAVRE,F1DDFA06-A509-4875-A3E2-993C667CC8CC,P 20x20 Solo,1,49,40.83,7,2023,2,Print,40.83,IG-S059,FRANCE,F1DDFA06-A509-4875-A3E2-993C667CC8CC,SUCCURSALE
IRIS GALERIE - PARIS PASSAGE DU HAVRE,18113EB9-5EC1-495F-B500-BA1422E06350,AD 40x40 Duo,1,14,11.67,7,2023,2,AD,11.67,IG-S059,FRANCE,18113EB9-5EC1-495F-B500-BA1422E06350,SUCCURSALE
IRIS GALERIE - PARIS PASSAGE DU HAVRE,18113EB9-5EC1-495F-B500-BA1422E06350,Shipping,1,1,0.83,7,2023,2,Shipping,0.83,IG-S059,FRANCE,18113EB9-5EC1-495F-B500-BA1422E06350,SUCCURSALE
IRIS GALERIE - PARIS PASSAGE DU HAVRE,C4BB97DA-C8D1-46A2-A2F0-08DBF90359FE,F 20x20,1,12,10,7,2023,3,Frames,10,IG-S059,FRANCE,C4BB97DA-C8D1-46A2-A2F0-08DBF90359FE,SUCCURSALE
IRIS GALERIE - PARIS PASSAGE DU HAVRE,C4BB97DA-C8D1-46A2-A2F0-08DBF90359FE,P 20x20 Solo,1,49,40.83,7,2023,3,Print,40.83,IG-S059,FRANCE,C4BB97DA-C8D1-46A2-A2F0-08DBF90359FE,SUCCURSALE